<?xml version="1.0" encoding="UTF-8"?>
<java version="21.0.1" class="java.beans.XMLDecoder">
 <object class="com.example.ProjectSpring.models.Person">
  <void property="email">
   <string>bolek.m@example.com</string>
  </void>
  <void property="firstName">
   <string>Darek</string>
  </void>
  <void property="lastName">
   <string>Benek</string>
  </void>
  <void property="mobile">
   <string>123456789</string>
  </void>
  <void property="personType">
   <object class="java.lang.Enum" method="valueOf">
    <class>com.example.ProjectSpring.models.PersonType</class>
    <string>INTERNAL</string>
   </object>
  </void>
  <void property="pesel">
   <string>99745612378</string>
  </void>
 </object>
</java>
