<?xml version="1.0" encoding="UTF-8"?>
<java version="21.0.1" class="java.beans.XMLDecoder">
 <object class="com.example.ProjectSpring.models.Person">
  <void property="email">
   <string>sandra.m@example.com</string>
  </void>
  <void property="firstName">
   <string>Anna</string>
  </void>
  <void property="lastName">
   <string>Zalewska</string>
  </void>
  <void property="mobile">
   <string>111222333</string>
  </void>
  <void property="personType">
   <object class="java.lang.Enum" method="valueOf">
    <class>com.example.ProjectSpring.models.PersonType</class>
    <string>EXTERNAL</string>
   </object>
  </void>
  <void property="pesel">
   <string>12245612378</string>
  </void>
 </object>
</java>
